<?xml version="1.0" encoding="UTF-8"?>
<configuration>
    <include resource="org/springframework/boot/logging/logback/defaults.xml"/>
    
    <springProperty scope="context" name="appName" source="spring.application.name"/>
    
    <!-- Console Appender -->
    <appender name="CONSOLE" class="ch.qos.logback.core.ConsoleAppender">
        <encoder>
            <pattern>%d{yyyy-MM-dd HH:mm:ss} [%thread] %-5level %logger{36} - %msg%n</pattern>
        </encoder>
    </appender>
    
    <!-- Logstash Appender -->
    <appender name="LOGSTASH" class="net.logstash.logback.appender.LogstashTcpSocketAppender">
        <destination>localhost:5000</destination> <!-- Ganti dengan alamat Logstash Anda -->
        <encoder class="net.logstash.logback.encoder.LogstashEncoder">
            <customFields>{"appname":"${appName}", "environment":"development"}</customFields>
        </encoder>
    </appender>
    
    <root level="INFO">
        <appender-ref ref="CONSOLE"/>
        <appender-ref ref="LOGSTASH"/>
    </root>
    
    <!-- Log SQL queries -->
    <logger name="org.hibernate.SQL" level="DEBUG"/>
    <logger name="org.hibernate.type.descriptor.sql.BasicBinder" level="TRACE"/>
</configuration>